dataset,shot,base_seed,seed,model,accuracy,elapsed_sec,status,rho_mean,rho_min,rho_max,pressure_mean,boundary_mean,crowding_mean,compactness_mean,margin_loss_mean,margin_active_rate,margin_gap_mean
RacketSports,1,10,9924,cosco,0.5,2.04,ok,,,,,,,,,,
RacketSports,1,10,9924,cosco_proto_margin,0.5,2.94,ok,,,,,,,,0.0,0.0,5.605293393135071
RacketSports,1,10,9924,cosco_geometry_rho,0.46710526315789475,2.77,ok,0.10646180152201838,0.10275427524111105,0.1112100544862405,0.42029650119924444,0.0,0.3972756008307139,0.0,,,
RacketSports,1,10,9924,cosco_proto_margin_geometry_rho,0.46710526315789475,2.84,ok,0.10646180152201838,0.10275427524111105,0.1112100544862405,0.42029650119924444,0.0,0.3972756008307139,0.0,0.0,0.0,5.545664183298746
RacketSports,1,20,9934,cosco,0.45394736842105265,2.52,ok,,,,,,,,,,
RacketSports,1,20,9934,cosco_proto_margin,0.45394736842105265,2.64,ok,,,,,,,,0.0,0.0,5.359338919321696
RacketSports,1,20,9934,cosco_geometry_rho,0.4473684210526316,3.23,ok,0.10343981662661424,0.09756217431115899,0.11000014161663577,0.4479814768716681,0.0,0.4140879958868027,0.0,,,
RacketSports,1,20,9934,cosco_proto_margin_geometry_rho,0.4473684210526316,2.85,ok,0.10343981662661424,0.09756217431115899,0.11000014161663577,0.4479814768716681,0.0,0.4140879958868027,0.0,0.0,0.0,5.437648463249206
RacketSports,1,30,9944,cosco,0.5197368421052632,2.37,ok,,,,,,,,,,
RacketSports,1,30,9944,cosco_proto_margin,0.5197368421052632,2.43,ok,,,,,,,,0.0,0.0,5.918516723314921
RacketSports,1,30,9944,cosco_geometry_rho,0.5263157894736842,2.48,ok,0.10827207572749255,0.10258910625443679,0.11360787463453302,0.40197627975850214,0.0,0.3681862692038218,0.0,,,
RacketSports,1,30,9944,cosco_proto_margin_geometry_rho,0.5263157894736842,2.51,ok,0.10827207572749255,0.10258910625443679,0.11360787463453302,0.40197627975850214,0.0,0.3681862692038218,0.0,0.0,0.0,5.881161904335022
RacketSports,10,10,10644,cosco,0.7763157894736842,6.6,ok,,,,,,,,,,
RacketSports,10,10,10644,cosco_proto_margin,0.7828947368421053,5.63,ok,,,,,,,,0.07430843350787958,0.06750000106791655,2.5796264270941416
RacketSports,10,10,10644,cosco_geometry_rho,0.7828947368421053,5.86,ok,0.09741846045558233,0.07500000000000001,0.11341973851125449,0.47075306015920615,0.19805633872747422,0.4475329488515854,0.4399750307202339,,,
RacketSports,10,10,10644,cosco_proto_margin_geometry_rho,0.7894736842105263,5.58,ok,0.09796991716356881,0.07500000000000001,0.11350727579434516,0.46223042621899096,0.18649532633523147,0.4447439024845759,0.42874088635047275,0.07181436711301406,0.060000001142422356,3.082253070672353
RacketSports,10,20,10654,cosco,0.7631578947368421,5.64,ok,,,,,,,,,,
RacketSports,10,20,10654,cosco_proto_margin,0.8157894736842105,5.66,ok,,,,,,,,0.07252876855588207,0.11166666808227697,2.2466945151487985
RacketSports,10,20,10654,cosco_geometry_rho,0.8026315789473685,5.65,ok,0.09670360710202643,0.07500000000000001,0.11361998968928198,0.49019773943064243,0.2408260462184747,0.4715431292851766,0.4740501393874486,,,
RacketSports,10,20,10654,cosco_proto_margin_geometry_rho,0.8157894736842105,5.6,ok,0.09724771671335364,0.07500000000000001,0.11342622540908386,0.4755518576574175,0.21111038060237963,0.46120313704013827,0.4520194669564565,0.06404734203630748,0.09333333497246106,2.694298374156157
RacketSports,10,30,10664,cosco,0.7960526315789473,5.64,ok,,,,,,,,,,
RacketSports,10,30,10664,cosco_proto_margin,0.8092105263157895,5.56,ok,,,,,,,,0.034594308988501625,0.054166667722165586,2.3337333420912425
RacketSports,10,30,10664,cosco_geometry_rho,0.8223684210526315,7.06,ok,0.0965563417741118,0.07500000000000001,0.11356751313825562,0.47836912733952286,0.22758364093800384,0.423328760266304,0.4589124446113904,,,
RacketSports,10,30,10664,cosco_proto_margin_geometry_rho,0.8157894736842105,7.98,ok,0.09653327522240945,0.07500000000000001,0.11356226974891226,0.4785360099831705,0.22588231675326825,0.4268180439869563,0.4601844852169355,0.03903691414743662,0.0500000008692344,2.90502047141393
Heartbeat,1,10,5845,cosco,0.7268292682926829,7.44,ok,,,,,,,,,,
Heartbeat,1,10,5845,cosco_proto_margin,0.7268292682926829,5.39,ok,,,,,,,,0.0,0.0,6.9060126940409345
Heartbeat,1,10,5845,cosco_geometry_rho,0.7317073170731707,4.92,ok,0.10975471424294407,0.10895790711281138,0.11046799773836294,0.2046751170816358,0.0,0.19192460079987844,0.0,,,
Heartbeat,1,10,5845,cosco_proto_margin_geometry_rho,0.7317073170731707,4.74,ok,0.10975471424294407,0.10895790711281138,0.11046799773836294,0.2046751170816358,0.0,0.19192460079987844,0.0,0.0,0.0,6.885416237513224
Heartbeat,1,20,5855,cosco,0.7414634146341463,4.51,ok,,,,,,,,,,
Heartbeat,1,20,5855,cosco_proto_margin,0.7414634146341463,4.39,ok,,,,,,,,0.0,0.0,6.96561959584554
Heartbeat,1,20,5855,cosco_geometry_rho,0.7414634146341463,4.36,ok,0.11028740040326176,0.10944168414523583,0.11097675327283128,0.2201627118527791,0.0,0.2065373698870341,0.0,,,
Heartbeat,1,20,5855,cosco_proto_margin_geometry_rho,0.7414634146341463,4.42,ok,0.11028740040326176,0.10944168414523583,0.11097675327283128,0.2201627118527791,0.0,0.2065373698870341,0.0,0.0,0.0,6.969769461949666
Heartbeat,1,30,5865,cosco,0.7365853658536585,4.27,ok,,,,,,,,,,
Heartbeat,1,30,5865,cosco_proto_margin,0.7365853658536585,5.26,ok,,,,,,,,0.0,0.0,6.5727401415507
Heartbeat,1,30,5865,cosco_geometry_rho,0.7365853658536585,6.18,ok,0.11048510092758859,0.10977649107131691,0.11103587337046661,0.2259850303890406,0.0,0.21457954943180085,0.0,,,
Heartbeat,1,30,5865,cosco_proto_margin_geometry_rho,0.7365853658536585,5.63,ok,0.11048510092758859,0.10977649107131691,0.11103587337046661,0.2259850303890406,0.0,0.21457954943180085,0.0,0.0,0.0,6.560472202301026
Heartbeat,10,10,6421,cosco,0.7170731707317073,30.68,ok,,,,,,,,,,
Heartbeat,10,10,6421,cosco_proto_margin,0.7268292682926829,29.93,ok,,,,,,,,0.3927938610315323,0.388333327571551,0.2904798964659373
Heartbeat,10,10,6421,cosco_geometry_rho,0.7268292682926829,32.14,ok,0.09258058334919686,0.09061826975362117,0.09453721204934529,0.5432534154901841,0.5621724526087443,0.39771515429019927,0.7393592933813731,,,
Heartbeat,10,10,6421,cosco_proto_margin_geometry_rho,0.7268292682926829,29.84,ok,0.09078274971224486,0.08742040367721338,0.09453721204934529,0.5578921665736878,0.5888459702332814,0.4102591246366501,0.7600161910057068,0.38702015032370884,0.3816666632890701,0.31201501240332924
Heartbeat,10,20,6431,cosco,0.7317073170731707,29.74,ok,,,,,,,,,,
Heartbeat,10,20,6431,cosco_proto_margin,0.7219512195121951,30.22,ok,,,,,,,,0.3731910899281502,0.38166666428248086,0.28313354204098384
Heartbeat,10,20,6431,cosco_geometry_rho,0.7317073170731707,30.17,ok,0.09198171954174376,0.089336178849171,0.09486021961666535,0.5481341527420598,0.5742288748423259,0.3943591396013896,0.7520730296770731,,,
Heartbeat,10,20,6431,cosco_proto_margin_geometry_rho,0.7219512195121951,29.26,ok,0.08983563617784762,0.08605956779795967,0.09486021961666535,0.5654708710918276,0.6082603216171265,0.40908785462379454,0.7752045234044392,0.3775793895125389,0.37833333015441895,0.3080391138792038
Heartbeat,10,30,6441,cosco,0.7317073170731707,29.71,ok,,,,,,,,,,
Heartbeat,10,30,6441,cosco_proto_margin,0.7170731707317073,28.26,ok,,,,,,,,0.3505119629204273,0.3749999970197678,0.34644053479035697
Heartbeat,10,30,6441,cosco_geometry_rho,0.7317073170731707,30.12,ok,0.0934962279746437,0.09221750165362425,0.09468957057288427,0.5356760701455415,0.5455401023228963,0.39133200446764627,0.7302361071109772,,,
Heartbeat,10,30,6441,cosco_proto_margin_geometry_rho,0.7170731707317073,31.26,ok,0.09116914191555066,0.08832922400634842,0.09468957057288427,0.5547756866688318,0.5850533187389374,0.40413883527119954,0.7575679143269857,0.33690568804740906,0.36166666547457377,0.3698383539915085
JapaneseVowels,1,10,12844,cosco,0.654054054054054,2.41,ok,,,,,,,,,,
JapaneseVowels,1,10,12844,cosco_proto_margin,0.654054054054054,2.53,ok,,,,,,,,0.0,0.0,7.357830301920573
JapaneseVowels,1,10,12844,cosco_geometry_rho,0.6405405405405405,2.34,ok,0.10702729842708067,0.10378379587689489,0.10963113614617595,0.4151941290620677,0.0,0.3985788404941559,0.0,,,
JapaneseVowels,1,10,12844,cosco_proto_margin_geometry_rho,0.6405405405405405,2.5,ok,0.10702729842708067,0.10378379587689489,0.10963113614617595,0.4151941290620677,0.0,0.3985788404941559,0.0,0.0,0.0,7.216576639811198
JapaneseVowels,1,20,12854,cosco,0.7162162162162162,2.48,ok,,,,,,,,,,
JapaneseVowels,1,20,12854,cosco_proto_margin,0.7162162162162162,2.45,ok,,,,,,,,0.0,0.0,7.924764140446981
JapaneseVowels,1,20,12854,cosco_geometry_rho,0.7567567567567568,2.52,ok,0.10811561361124523,0.10182249997388204,0.1136447079192165,0.404177256167472,0.0,0.3702336390813192,0.0,,,
JapaneseVowels,1,20,12854,cosco_proto_margin_geometry_rho,0.7567567567567568,2.35,ok,0.10811561361124523,0.10182249997388204,0.1136447079192165,0.404177256167472,0.0,0.3702336390813192,0.0,0.0,0.0,7.9011160691579185
JapaneseVowels,1,30,12864,cosco,0.7567567567567568,2.52,ok,,,,,,,,,,
JapaneseVowels,1,30,12864,cosco_proto_margin,0.7567567567567568,2.55,ok,,,,,,,,0.0,0.0,7.76964168548584
JapaneseVowels,1,30,12864,cosco_geometry_rho,0.7594594594594595,2.49,ok,0.1089359505842348,0.10383025406555527,0.11337179283923651,0.39651107529191637,0.0,0.36879296600818634,0.0,,,
JapaneseVowels,1,30,12864,cosco_proto_margin_geometry_rho,0.7594594594594595,2.13,ok,0.1089359505842348,0.10383025406555527,0.11337179283923651,0.39651107529191637,0.0,0.36879296600818634,0.0,0.0,0.0,7.687921826044718
JapaneseVowels,10,10,13660,cosco,0.8918918918918919,9.22,ok,,,,,,,,,,
JapaneseVowels,10,10,13660,cosco_proto_margin,0.8972972972972973,7.65,ok,,,,,,,,0.012929038889706135,0.01814814880490303,5.418563747406006
JapaneseVowels,10,10,13660,cosco_geometry_rho,0.8837837837837837,7.85,ok,0.10573508108531023,0.08933756473219275,0.11358024717892837,0.36647839245746183,0.12081920228277644,0.3873969942331314,0.40403916041056315,,,
JapaneseVowels,10,10,13660,cosco_proto_margin_geometry_rho,0.8972972972972973,9.24,ok,0.10583294730018836,0.08933756473219275,0.11347793809130313,0.3625155632576576,0.11061658326846859,0.3892101476589839,0.40131159325440724,0.012070067382107178,0.015185185708105564,5.5371490836143495
JapaneseVowels,10,20,13670,cosco,0.9054054054054054,9.23,ok,,,,,,,,,,
JapaneseVowels,10,20,13670,cosco_proto_margin,0.9135135135135135,9.1,ok,,,,,,,,0.006896380852413131,0.017037037449578445,5.208423233032226
JapaneseVowels,10,20,13670,cosco_geometry_rho,0.8972972972972973,10.81,ok,0.10311382552473568,0.08248312465445434,0.1133892198520694,0.3931187132337875,0.13566058863264818,0.3851864089568456,0.41618781685829165,,,
JapaneseVowels,10,20,13670,cosco_proto_margin_geometry_rho,0.9135135135135135,10.22,ok,0.1032430906307338,0.08248312465445434,0.11363038636341756,0.38921371429094104,0.12820165458445748,0.38489239613215126,0.4099974592526754,0.004247728409245611,0.014814815173546473,5.468821235497793
JapaneseVowels,10,30,13680,cosco,0.9243243243243243,10.02,ok,,,,,,,,,,
JapaneseVowels,10,30,13680,cosco_proto_margin,0.918918918918919,10.32,ok,,,,,,,,0.008895690537368257,0.014074074445913236,5.076232965787252
JapaneseVowels,10,30,13680,cosco_geometry_rho,0.927027027027027,9.24,ok,0.10370596147295505,0.08421161245485284,0.11346814313203757,0.3900690061228628,0.13998588298757872,0.38858978152275087,0.41582094331582387,,,
JapaneseVowels,10,30,13680,cosco_proto_margin_geometry_rho,0.9162162162162162,10.09,ok,0.10385094805753373,0.08421161245485284,0.11360336434034618,0.38503385848913335,0.1253406659370133,0.3897930055856705,0.4122463782628377,0.0036018070299178363,0.00925925945242246,5.353593003749848
