model,model_key,dataset,shot,accuracy,elapsed_sec,seed,status,cosco_variant,rho_min,rho_mean,rho_max,rho_final,proto_stress_mean,proto_stress_final,fft_reg_lambda,fft_reg_loss_time_mean,fft_reg_loss_freq_mean,fft_reg_loss_total_mean
cosco,cosco,SpokenArabicDigits,1,0.33424283765347884,4.6,19509,ok,,,,,,,,,,,
cosco_fft_reg,cosco_fft_reg_l0.1,SpokenArabicDigits,1,0.36289222373806274,7.5,19509,ok,fft_reg_lambda=0.1,,,,,,,0.1,1.4649315893650054,1.5276067423820496,1.6176922595500947
cosco_fft_reg,cosco_fft_reg_l0.3,SpokenArabicDigits,1,0.3678944974988631,7.2,19509,ok,fft_reg_lambda=0.3,,,,,,,0.3,1.4646748471260072,1.501564713716507,1.9151442790031432
cosco_fft_reg,cosco_fft_reg_l0.5,SpokenArabicDigits,1,0.36607548885857205,7.2,19509,ok,fft_reg_lambda=0.5,,,,,,,0.5,1.4644455897808075,1.4931343030929565,2.2110127449035644
cosco,cosco,SpokenArabicDigits,10,0.7548885857207822,4.2,20517,ok,,,,,,,,,,,
cosco_fft_reg,cosco_fft_reg_l0.1,SpokenArabicDigits,10,0.7389722601182356,7.2,20517,ok,fft_reg_lambda=0.1,,,,,,,0.1,1.5908604204654693,2.1285661625862122,1.8037170374393463
cosco_fft_reg,cosco_fft_reg_l0.3,SpokenArabicDigits,10,0.7439745338790359,7.2,20517,ok,fft_reg_lambda=0.3,,,,,,,0.3,1.5888510572910308,1.8785814189910888,2.1524255096912386
cosco_fft_reg,cosco_fft_reg_l0.5,SpokenArabicDigits,10,0.7412460209185994,7.1,20517,ok,fft_reg_lambda=0.5,,,,,,,0.5,1.5882367491722107,1.7828685677051543,2.4796710300445555
cosco,cosco,RacketSports,1,0.4934210526315789,3.0,9924,ok,,,,,,,,,,,
cosco_fft_reg,cosco_fft_reg_l0.1,RacketSports,1,0.5131578947368421,5.4,9924,ok,fft_reg_lambda=0.1,,,,,,,0.1,0.7481494325399399,0.7494179940223694,0.8230912327766419
cosco_fft_reg,cosco_fft_reg_l0.3,RacketSports,1,0.4934210526315789,5.3,9924,ok,fft_reg_lambda=0.3,,,,,,,0.3,0.7481252092123032,0.7468379747867584,0.9721766102313996
cosco_fft_reg,cosco_fft_reg_l0.5,RacketSports,1,0.5,5.3,9924,ok,fft_reg_lambda=0.5,,,,,,,0.5,0.7478832536935807,0.7463235938549042,1.1210450553894042
cosco,cosco,RacketSports,10,0.7960526315789473,3.3,10644,ok,,,,,,,,,,,
cosco_fft_reg,cosco_fft_reg_l0.1,RacketSports,10,0.7960526315789473,5.5,10644,ok,fft_reg_lambda=0.1,,,,,,,0.1,0.8208437466621399,0.9163080561161041,0.9124745523929596
cosco_fft_reg,cosco_fft_reg_l0.3,RacketSports,10,0.7960526315789473,5.5,10644,ok,fft_reg_lambda=0.3,,,,,,,0.3,0.8190583097934723,0.8318981939554214,1.0686277776956559
cosco_fft_reg,cosco_fft_reg_l0.5,RacketSports,10,0.8092105263157895,5.7,10644,ok,fft_reg_lambda=0.5,,,,,,,0.5,0.8163393419981003,0.8192713916301727,1.2259750413894652
cosco,cosco,Heartbeat,1,0.7268292682926829,3.1,5845,ok,,,,,,,,,,,
cosco_fft_reg,cosco_fft_reg_l0.1,Heartbeat,1,0.7365853658536585,5.0,5845,ok,fft_reg_lambda=0.1,,,,,,,0.1,0.313692581653595,0.37595820337533953,0.3512884032726288
cosco_fft_reg,cosco_fft_reg_l0.3,Heartbeat,1,0.7317073170731707,4.8,5845,ok,fft_reg_lambda=0.3,,,,,,,0.3,0.3136819699406624,0.33530325382947923,0.41427295058965685
cosco_fft_reg,cosco_fft_reg_l0.5,Heartbeat,1,0.7365853658536585,5.0,5845,ok,fft_reg_lambda=0.5,,,,,,,0.5,0.31374237209558486,0.32677943766117096,0.47713208943605423
cosco,cosco,Heartbeat,10,0.6536585365853659,3.2,6421,ok,,,,,,,,,,,
cosco_fft_reg,cosco_fft_reg_l0.1,Heartbeat,10,0.6731707317073171,4.8,6421,ok,fft_reg_lambda=0.1,,,,,,,0.1,0.5106651678681373,0.42665693908929825,0.553330862224102
cosco_fft_reg,cosco_fft_reg_l0.3,Heartbeat,10,0.6536585365853659,4.7,6421,ok,fft_reg_lambda=0.3,,,,,,,0.3,0.4813509237766266,0.39570609033107756,0.6000627535581589
cosco_fft_reg,cosco_fft_reg_l0.5,Heartbeat,10,0.6585365853658537,4.8,6421,ok,fft_reg_lambda=0.5,,,,,,,0.5,0.4645881614089012,0.39218574613332746,0.6606810355186462
cosco,cosco,JapaneseVowels,1,0.6675675675675675,3.7,12844,ok,,,,,,,,,,,
cosco_fft_reg,cosco_fft_reg_l0.1,JapaneseVowels,1,0.6648648648648648,6.9,12844,ok,fft_reg_lambda=0.1,,,,,,,0.1,1.3736303758621216,1.3942702472209931,1.5130574023723602
cosco_fft_reg,cosco_fft_reg_l0.3,JapaneseVowels,1,0.6864864864864865,7.0,12844,ok,fft_reg_lambda=0.3,,,,,,,0.3,1.373077573776245,1.389190330505371,1.789834690093994
cosco_fft_reg,cosco_fft_reg_l0.5,JapaneseVowels,1,0.6648648648648648,7.0,12844,ok,fft_reg_lambda=0.5,,,,,,,0.5,1.37293496966362,1.3856907165050507,2.0657803344726564
cosco,cosco,JapaneseVowels,10,0.9027027027027027,4.2,13660,ok,,,,,,,,,,,
cosco_fft_reg,cosco_fft_reg_l0.1,JapaneseVowels,10,0.9,4.0,13660,ok,fft_reg_lambda=0.1,,,,,,,0.1,1.4026647806167603,1.697446459531784,1.5724094307422638
cosco_fft_reg,cosco_fft_reg_l0.3,JapaneseVowels,10,0.8891891891891892,3.2,13660,ok,fft_reg_lambda=0.3,,,,,,,0.3,1.4007481062412261,1.556879391670227,1.867811939716339
cosco_fft_reg,cosco_fft_reg_l0.5,JapaneseVowels,10,0.8837837837837837,3.2,13660,ok,fft_reg_lambda=0.5,,,,,,,0.5,1.3998538291454314,1.513556580543518,2.1566321277618408
cosco,cosco,Libras,1,0.4222222222222222,2.1,3019,ok,,,,,,,,,,,
cosco_fft_reg,cosco_fft_reg_l0.1,Libras,1,0.3888888888888889,3.9,3019,ok,fft_reg_lambda=0.1,,,,,,,0.1,1.8259632694721222,1.8969442164897918,2.015657691955566
cosco_fft_reg,cosco_fft_reg_l0.3,Libras,1,0.3611111111111111,4.1,3019,ok,fft_reg_lambda=0.3,,,,,,,0.3,1.8252118062973022,1.8705996930599214,2.38639173746109
cosco_fft_reg,cosco_fft_reg_l0.5,Libras,1,0.35555555555555557,4.1,3019,ok,fft_reg_lambda=0.5,,,,,,,0.5,1.8246972119808198,1.8626941335201264,2.7560442686080933
cosco,cosco,Libras,10,0.8666666666666667,2.7,3451,ok,,,,,,,,,,,
cosco_fft_reg,cosco_fft_reg_l0.1,Libras,10,0.8611111111111112,4.4,3451,ok,fft_reg_lambda=0.1,,,,,,,0.1,2.061975804567337,2.2194188809394837,2.283917689323425
cosco_fft_reg,cosco_fft_reg_l0.3,Libras,10,0.8666666666666667,4.4,3451,ok,fft_reg_lambda=0.3,,,,,,,0.3,2.0553227365016937,2.12522833943367,2.6928912472724913
cosco_fft_reg,cosco_fft_reg_l0.5,Libras,10,0.8722222222222222,4.4,3451,ok,fft_reg_lambda=0.5,,,,,,,0.5,2.043211555480957,2.0971806812286378,3.0918019127845766
