model,model_key,dataset,shot,accuracy,elapsed_sec,seed,status,cosco_variant,rho_min,rho_mean,rho_max,rho_final,proto_stress_mean,proto_stress_final,fft_reg_lambda,fft_reg_loss_time_mean,fft_reg_loss_freq_mean,fft_reg_loss_total_mean,fft_reg_lambda_min,fft_reg_lambda_mean,fft_reg_lambda_max,fft_reg_lambda_final,proto_margin_value,proto_margin_beta,proto_margin_base_loss_mean,proto_margin_loss_mean,proto_margin_total_loss_mean,proto_margin_positive_rate_mean,proto_margin_gap_mean
cosco,cosco,SpokenArabicDigits,1,0.3310595725329695,2.3,19509,ok,,,,,,,,,,,,,,,,,,,,,,
cosco_proto_margin,cosco_proto_margin_m0_b0.05,SpokenArabicDigits,1,0.339699863574352,1.9,19509,ok,m0_b0.05,,,,,,,,,,,,,,,0.0,0.05,1.4650144946575165,0.0,1.4650144946575165,0.0,8.529686238765716
cosco_proto_margin,cosco_proto_margin_m0_b0.1,SpokenArabicDigits,1,0.34015461573442474,2.0,19509,ok,m0_b0.1,,,,,,,,,,,,,,,0.0,0.1,1.4650030183792113,0.0,1.4650030183792113,0.0,8.537666623592377
cosco_proto_margin,cosco_proto_margin_m0_b0.3,SpokenArabicDigits,1,0.33651659845384263,2.1,19509,ok,m0_b0.3,,,,,,,,,,,,,,,0.0,0.3,1.4650044643878937,0.0,1.4650044643878937,0.0,8.524530780315398
cosco_proto_margin,cosco_proto_margin_m0.1_b0.05,SpokenArabicDigits,1,0.339699863574352,2.0,19509,ok,m0.1_b0.05,,,,,,,,,,,,,,,0.1,0.05,1.465016177892685,0.0,1.465016177892685,0.0,8.505896079540253
cosco_proto_margin,cosco_proto_margin_m0.1_b0.1,SpokenArabicDigits,1,0.3383356070941337,1.9,19509,ok,m0.1_b0.1,,,,,,,,,,,,,,,0.1,0.1,1.4650133574008941,0.0,1.4650133574008941,0.0,8.51417994737625
cosco_proto_margin,cosco_proto_margin_m0.1_b0.3,SpokenArabicDigits,1,0.3428831286948613,1.9,19509,ok,m0.1_b0.3,,,,,,,,,,,,,,,0.1,0.3,1.4650106489658357,0.0,1.4650106489658357,0.0,8.522466781139373
cosco_proto_margin,cosco_proto_margin_m0.3_b0.05,SpokenArabicDigits,1,0.3387903592542065,1.9,19509,ok,m0.3_b0.05,,,,,,,,,,,,,,,0.3,0.05,1.4650087749958038,0.0,1.4650087749958038,0.0,8.515071151256562
cosco_proto_margin,cosco_proto_margin_m0.3_b0.1,SpokenArabicDigits,1,0.3387903592542065,1.9,19509,ok,m0.3_b0.1,,,,,,,,,,,,,,,0.3,0.1,1.4649987268447875,0.0,1.4649987268447875,0.0,8.519836165904998
cosco_proto_margin,cosco_proto_margin_m0.3_b0.3,SpokenArabicDigits,1,0.34106412005457026,1.9,19509,ok,m0.3_b0.3,,,,,,,,,,,,,,,0.3,0.3,1.465010701417923,0.0,1.465010701417923,0.0,8.518532497882843
cosco,cosco,SpokenArabicDigits,10,0.7548885857207822,2.3,20517,ok,,,,,,,,,,,,,,,,,,,,,,
cosco_proto_margin,cosco_proto_margin_m0_b0.05,SpokenArabicDigits,10,0.7544338335607094,2.5,20517,ok,m0_b0.05,,,,,,,,,,,,,,,0.0,0.05,1.5805204844474792,0.026545748246571747,1.5818477737903596,0.037799998987466096,4.795897120535374
cosco_proto_margin,cosco_proto_margin_m0_b0.1,SpokenArabicDigits,10,0.734424738517508,2.4,20517,ok,m0_b0.1,,,,,,,,,,,,,,,0.0,0.1,1.5740909588336944,0.017979464354284574,1.5758889043331146,0.028699999172240497,5.009272358417511
cosco_proto_margin,cosco_proto_margin_m0_b0.3,SpokenArabicDigits,10,0.7453387903592542,2.4,20517,ok,m0_b0.3,,,,,,,,,,,,,,,0.0,0.3,1.5659043085575104,0.005744361933320761,1.5676276183128357,0.014999999534338712,5.31722825884819
cosco_proto_margin,cosco_proto_margin_m0.1_b0.05,SpokenArabicDigits,10,0.745793542519327,2.4,20517,ok,m0.1_b0.05,,,,,,,,,,,,,,,0.1,0.05,1.579944293498993,0.03071144620073028,1.5814798641204835,0.046599999088793996,4.80986698448658
cosco_proto_margin,cosco_proto_margin_m0.1_b0.1,SpokenArabicDigits,10,0.7294224647567076,2.4,20517,ok,m0.1_b0.1,,,,,,,,,,,,,,,0.1,0.1,1.57372642993927,0.020689050507498905,1.5757953333854675,0.03859999919310212,5.009028317034245
cosco_proto_margin,cosco_proto_margin_m0.1_b0.3,SpokenArabicDigits,10,0.7371532514779445,2.4,20517,ok,m0.1_b0.3,,,,,,,,,,,,,,,0.1,0.3,1.5644702172279359,0.007476198110962287,1.566713078022003,0.02109999941661954,5.297220275104046
cosco_proto_margin,cosco_proto_margin_m0.3_b0.05,SpokenArabicDigits,10,0.7376080036380173,2.4,20517,ok,m0.3_b0.05,,,,,,,,,,,,,,,0.3,0.05,1.5788958978652954,0.041734493068943265,1.5809826254844666,0.05859999820590019,4.806067093014717
cosco_proto_margin,cosco_proto_margin_m0.3_b0.1,SpokenArabicDigits,10,0.7353342428376535,2.4,20517,ok,m0.3_b0.1,,,,,,,,,,,,,,,0.3,0.1,1.5718111264705659,0.029522164071095175,1.5747633481025696,0.04989999895915389,5.021773553490639
cosco_proto_margin,cosco_proto_margin_m0.3_b0.3,SpokenArabicDigits,10,0.7471577989995453,2.4,20517,ok,m0.3_b0.3,,,,,,,,,,,,,,,0.3,0.3,1.5603311383724212,0.013694151570089162,1.5644393861293793,0.031199999023228883,5.41478293120861
cosco,cosco,RacketSports,1,0.4868421052631579,1.3,9924,ok,,,,,,,,,,,,,,,,,,,,,,
cosco_proto_margin,cosco_proto_margin_m0_b0.05,RacketSports,1,0.5,1.4,9924,ok,m0_b0.05,,,,,,,,,,,,,,,0.0,0.05,0.7482537633180618,0.0,0.7482537633180618,0.0,7.3106456875801085
cosco_proto_margin,cosco_proto_margin_m0_b0.1,RacketSports,1,0.4868421052631579,1.5,9924,ok,m0_b0.1,,,,,,,,,,,,,,,0.0,0.1,0.7482986211776733,0.0,0.7482986211776733,0.0,7.2504371070861815
cosco_proto_margin,cosco_proto_margin_m0_b0.3,RacketSports,1,0.5,1.5,9924,ok,m0_b0.3,,,,,,,,,,,,,,,0.0,0.3,0.7482060635089874,0.0,0.7482060635089874,0.0,7.324034571647644
cosco_proto_margin,cosco_proto_margin_m0.1_b0.05,RacketSports,1,0.5,1.5,9924,ok,m0.1_b0.05,,,,,,,,,,,,,,,0.1,0.05,0.7481869220733642,0.0,0.7481869220733642,0.0,7.335820622444153
cosco_proto_margin,cosco_proto_margin_m0.1_b0.1,RacketSports,1,0.4934210526315789,1.5,9924,ok,m0.1_b0.1,,,,,,,,,,,,,,,0.1,0.1,0.7482250291109085,0.0,0.7482250291109085,0.0,7.2757676672935485
cosco_proto_margin,cosco_proto_margin_m0.1_b0.3,RacketSports,1,0.506578947368421,1.5,9924,ok,m0.1_b0.3,,,,,,,,,,,,,,,0.1,0.3,0.7482557618618011,0.0,0.7482557618618011,0.0,7.339220397472381
cosco_proto_margin,cosco_proto_margin_m0.3_b0.05,RacketSports,1,0.4934210526315789,1.5,9924,ok,m0.3_b0.05,,,,,,,,,,,,,,,0.3,0.05,0.7482516169548035,0.0,0.7482516169548035,0.0,7.275734004974365
cosco_proto_margin,cosco_proto_margin_m0.3_b0.1,RacketSports,1,0.5,1.5,9924,ok,m0.3_b0.1,,,,,,,,,,,,,,,0.3,0.1,0.7482562386989593,0.0,0.7482562386989593,0.0,7.338880994319916
cosco_proto_margin,cosco_proto_margin_m0.3_b0.3,RacketSports,1,0.5,1.5,9924,ok,m0.3_b0.3,,,,,,,,,,,,,,,0.3,0.3,0.7482231658697128,0.0,0.7482231658697128,0.0,7.299156639575958
cosco,cosco,RacketSports,10,0.7960526315789473,1.4,10644,ok,,,,,,,,,,,,,,,,,,,,,,
cosco_proto_margin,cosco_proto_margin_m0_b0.05,RacketSports,10,0.868421052631579,1.5,10644,ok,m0_b0.05,,,,,,,,,,,,,,,0.0,0.05,0.8062851351499557,0.0238605618593283,0.807478164434433,0.02225000036880374,5.6848660749197
cosco_proto_margin,cosco_proto_margin_m0_b0.1,RacketSports,10,0.8421052631578947,1.5,10644,ok,m0_b0.1,,,,,,,,,,,,,,,0.0,0.1,0.8011633676290512,0.016162216095253826,0.8027795892953873,0.018250000290572645,6.073123047053814
cosco_proto_margin,cosco_proto_margin_m0_b0.3,RacketSports,10,0.8421052631578947,1.5,10644,ok,m0_b0.3,,,,,,,,,,,,,,,0.0,0.3,0.7936182475090027,0.006854489533579909,0.7956745958328247,0.011500000096857548,6.439337992966175
cosco_proto_margin,cosco_proto_margin_m0.1_b0.05,RacketSports,10,0.8486842105263158,1.5,10644,ok,m0.1_b0.05,,,,,,,,,,,,,,,0.1,0.05,0.8055937480926514,0.026460298218298702,0.8069167631864548,0.027000000439584254,5.678563301563263
cosco_proto_margin,cosco_proto_margin_m0.1_b0.1,RacketSports,10,0.8486842105263158,1.5,10644,ok,m0.1_b0.1,,,,,,,,,,,,,,,0.1,0.1,0.8001002985239029,0.0187691241921857,0.8019772106409073,0.022500000298023223,6.0288877433538435
cosco_proto_margin,cosco_proto_margin_m0.1_b0.3,RacketSports,10,0.8486842105263158,1.5,10644,ok,m0.1_b0.3,,,,,,,,,,,,,,,0.1,0.3,0.7915777224302292,0.008083575694763567,0.7940027964115143,0.014500000178813935,6.51265693873167
cosco_proto_margin,cosco_proto_margin_m0.3_b0.05,RacketSports,10,0.8355263157894737,1.5,10644,ok,m0.3_b0.05,,,,,,,,,,,,,,,0.3,0.05,0.8052463209629059,0.034808405784424394,0.8069867420196534,0.04025000132620335,5.603091471195221
cosco_proto_margin,cosco_proto_margin_m0.3_b0.1,RacketSports,10,0.8486842105263158,1.5,10644,ok,m0.3_b0.1,,,,,,,,,,,,,,,0.3,0.1,0.7979703718423843,0.0237984903389588,0.8003502202033996,0.03425000099465251,6.043975460529327
cosco_proto_margin,cosco_proto_margin_m0.3_b0.3,RacketSports,10,0.8552631578947368,1.5,10644,ok,m0.3_b0.3,,,,,,,,,,,,,,,0.3,0.3,0.786667468547821,0.010944497373420745,0.7899508184194565,0.023000000044703484,6.668774060606957
cosco,cosco,Heartbeat,1,0.7268292682926829,1.2,5845,ok,,,,,,,,,,,,,,,,,,,,,,
cosco_proto_margin,cosco_proto_margin_m0_b0.05,Heartbeat,1,0.7268292682926829,1.3,5845,ok,m0_b0.05,,,,,,,,,,,,,,,0.0,0.05,0.3135716226696968,0.0,0.3135716226696968,0.0,7.750239086151123
cosco_proto_margin,cosco_proto_margin_m0_b0.1,Heartbeat,1,0.7268292682926829,1.3,5845,ok,m0_b0.1,,,,,,,,,,,,,,,0.0,0.1,0.3135716560482979,0.0,0.3135716560482979,0.0,7.750468111038208
cosco_proto_margin,cosco_proto_margin_m0_b0.3,Heartbeat,1,0.7268292682926829,1.3,5845,ok,m0_b0.3,,,,,,,,,,,,,,,0.0,0.3,0.3135716584324837,0.0,0.3135716584324837,0.0,7.750118970870972
cosco_proto_margin,cosco_proto_margin_m0.1_b0.05,Heartbeat,1,0.7268292682926829,1.4,5845,ok,m0.1_b0.05,,,,,,,,,,,,,,,0.1,0.05,0.3135714656114578,0.0,0.3135714656114578,0.0,7.750754346847534
cosco_proto_margin,cosco_proto_margin_m0.1_b0.1,Heartbeat,1,0.7268292682926829,1.3,5845,ok,m0.1_b0.1,,,,,,,,,,,,,,,0.1,0.1,0.3135723301768303,0.0,0.3135723301768303,0.0,7.747371559143066
cosco_proto_margin,cosco_proto_margin_m0.1_b0.3,Heartbeat,1,0.7268292682926829,1.3,5845,ok,m0.1_b0.3,,,,,,,,,,,,,,,0.1,0.3,0.3135713642835617,0.0,0.3135713642835617,0.0,7.75166916847229
cosco_proto_margin,cosco_proto_margin_m0.3_b0.05,Heartbeat,1,0.7268292682926829,1.4,5845,ok,m0.3_b0.05,,,,,,,,,,,,,,,0.3,0.05,0.31357100963592527,0.0,0.31357100963592527,0.0,7.753759016990662
cosco_proto_margin,cosco_proto_margin_m0.3_b0.1,Heartbeat,1,0.7268292682926829,1.4,5845,ok,m0.3_b0.1,,,,,,,,,,,,,,,0.3,0.1,0.31357152909040453,0.0,0.31357152909040453,0.0,7.750993790626526
cosco_proto_margin,cosco_proto_margin_m0.3_b0.3,Heartbeat,1,0.7268292682926829,1.3,5845,ok,m0.3_b0.3,,,,,,,,,,,,,,,0.3,0.3,0.31357158690690995,0.0,0.31357158690690995,0.0,7.75058156490326
cosco,cosco,Heartbeat,10,0.6536585365853659,1.9,6421,ok,,,,,,,,,,,,,,,,,,,,,,
cosco_proto_margin,cosco_proto_margin_m0_b0.05,Heartbeat,10,0.6536585365853659,2.0,6421,ok,m0_b0.05,,,,,,,,,,,,,,,0.0,0.05,0.495407307446003,0.20750650748610497,0.5057826322317124,0.1790000020712614,2.206214620321989
cosco_proto_margin,cosco_proto_margin_m0_b0.1,Heartbeat,10,0.6292682926829268,2.0,6421,ok,m0_b0.1,,,,,,,,,,,,,,,0.0,0.1,0.4567815840244293,0.10211304778102204,0.4669928881525993,0.12800000198185443,2.5471050937473776
cosco_proto_margin,cosco_proto_margin_m0_b0.3,Heartbeat,10,0.6195121951219512,2.0,6421,ok,m0_b0.3,,,,,,,,,,,,,,,0.0,0.3,0.4368050357699394,0.06055437115232053,0.45497134774923326,0.0915000019595027,2.7229973328113557
cosco_proto_margin,cosco_proto_margin_m0.1_b0.05,Heartbeat,10,0.6585365853658537,2.0,6421,ok,m0.1_b0.05,,,,,,,,,,,,,,,0.1,0.05,0.49488112092018127,0.21613074101507665,0.5056876569986344,0.1885000029578805,2.1756425262987613
cosco_proto_margin,cosco_proto_margin_m0.1_b0.1,Heartbeat,10,0.6195121951219512,2.1,6421,ok,m0.1_b0.1,,,,,,,,,,,,,,,0.1,0.1,0.4677663236856461,0.13628343775781104,0.48139466881752013,0.15500000342726708,2.460209477990866
cosco_proto_margin,cosco_proto_margin_m0.1_b0.3,Heartbeat,10,0.6048780487804878,2.1,6421,ok,m0.1_b0.3,,,,,,,,,,,,,,,0.1,0.3,0.4364611741900444,0.0702365764847491,0.45753214657306673,0.10250000216066837,2.7259271131455898
cosco_proto_margin,cosco_proto_margin_m0.3_b0.05,Heartbeat,10,0.6390243902439025,2.1,6421,ok,m0.3_b0.05,,,,,,,,,,,,,,,0.3,0.05,0.4945687362551689,0.2505570976063609,0.5070965906977654,0.21000000577419997,2.1804031424224375
cosco_proto_margin,cosco_proto_margin_m0.3_b0.1,Heartbeat,10,0.6097560975609756,2.0,6421,ok,m0.3_b0.1,,,,,,,,,,,,,,,0.3,0.1,0.46533707827329635,0.15953781437827275,0.4812908601760864,0.172000004760921,2.4420007595419886
cosco_proto_margin,cosco_proto_margin_m0.3_b0.3,Heartbeat,10,0.6146341463414634,2.0,6421,ok,m0.3_b0.3,,,,,,,,,,,,,,,0.3,0.3,0.4375381499528885,0.10350265420318465,0.46858895033597947,0.12800000309944154,2.693392793685198
cosco,cosco,JapaneseVowels,1,0.6675675675675675,1.6,12844,ok,,,,,,,,,,,,,,,,,,,,,,
cosco_proto_margin,cosco_proto_margin_m0_b0.05,JapaneseVowels,1,0.6675675675675675,1.9,12844,ok,m0_b0.05,,,,,,,,,,,,,,,0.0,0.05,1.3740933108329774,0.0,1.3740933108329774,0.0,8.61798973083496
cosco_proto_margin,cosco_proto_margin_m0_b0.1,JapaneseVowels,1,0.6675675675675675,1.9,12844,ok,m0_b0.1,,,,,,,,,,,,,,,0.0,0.1,1.3740933108329774,0.0,1.3740933108329774,0.0,8.61798973083496
cosco_proto_margin,cosco_proto_margin_m0_b0.3,JapaneseVowels,1,0.6675675675675675,1.9,12844,ok,m0_b0.3,,,,,,,,,,,,,,,0.0,0.3,1.3740933108329774,0.0,1.3740933108329774,0.0,8.61798973083496
cosco_proto_margin,cosco_proto_margin_m0.1_b0.05,JapaneseVowels,1,0.6675675675675675,1.9,12844,ok,m0.1_b0.05,,,,,,,,,,,,,,,0.1,0.05,1.3740933108329774,0.0,1.3740933108329774,0.0,8.61798973083496
cosco_proto_margin,cosco_proto_margin_m0.1_b0.1,JapaneseVowels,1,0.6675675675675675,1.9,12844,ok,m0.1_b0.1,,,,,,,,,,,,,,,0.1,0.1,1.3740933108329774,0.0,1.3740933108329774,0.0,8.61798973083496
cosco_proto_margin,cosco_proto_margin_m0.1_b0.3,JapaneseVowels,1,0.6675675675675675,1.9,12844,ok,m0.1_b0.3,,,,,,,,,,,,,,,0.1,0.3,1.3740933108329774,0.0,1.3740933108329774,0.0,8.61798973083496
cosco_proto_margin,cosco_proto_margin_m0.3_b0.05,JapaneseVowels,1,0.6675675675675675,1.9,12844,ok,m0.3_b0.05,,,,,,,,,,,,,,,0.3,0.05,1.3740933108329774,0.0,1.3740933108329774,0.0,8.61798973083496
cosco_proto_margin,cosco_proto_margin_m0.3_b0.1,JapaneseVowels,1,0.6675675675675675,1.9,12844,ok,m0.3_b0.1,,,,,,,,,,,,,,,0.3,0.1,1.3740933108329774,0.0,1.3740933108329774,0.0,8.61798973083496
cosco_proto_margin,cosco_proto_margin_m0.3_b0.3,JapaneseVowels,1,0.6675675675675675,1.9,12844,ok,m0.3_b0.3,,,,,,,,,,,,,,,0.3,0.3,1.3740933108329774,0.0,1.3740933108329774,0.0,8.61798973083496
cosco,cosco,JapaneseVowels,10,0.9027027027027027,1.8,13660,ok,,,,,,,,,,,,,,,,,,,,,,
cosco_proto_margin,cosco_proto_margin_m0_b0.05,JapaneseVowels,10,0.9108108108108108,1.8,13660,ok,m0_b0.05,,,,,,,,,,,,,,,0.0,0.05,1.3981898713111878,0.003922073615722183,1.3983859753608703,0.005444444650784135,8.552366372346878
cosco_proto_margin,cosco_proto_margin_m0_b0.1,JapaneseVowels,10,0.9054054054054054,1.9,13660,ok,m0_b0.1,,,,,,,,,,,,,,,0.0,0.1,1.3970377814769745,0.0028134222159860657,1.3973191213607787,0.0044444446172565225,8.742253905534744
cosco_proto_margin,cosco_proto_margin_m0_b0.3,JapaneseVowels,10,0.9081081081081082,1.9,13660,ok,m0_b0.3,,,,,,,,,,,,,,,0.0,0.3,1.395197103023529,0.0013305219681933522,1.3955962574481964,0.0022222222946584225,9.014717195034027
cosco_proto_margin,cosco_proto_margin_m0.1_b0.05,JapaneseVowels,10,0.9108108108108108,1.9,13660,ok,m0.1_b0.05,,,,,,,,,,,,,,,0.1,0.05,1.3980704474449157,0.004416212609503418,1.3982912576198578,0.006111111268401146,8.573567807674408
cosco_proto_margin,cosco_proto_margin_m0.1_b0.1,JapaneseVowels,10,0.9108108108108108,1.9,13660,ok,m0.1_b0.1,,,,,,,,,,,,,,,0.1,0.1,1.3969429051876068,0.0031332616781583056,1.3972562313079835,0.005333333490416408,8.760408126115799
cosco_proto_margin,cosco_proto_margin_m0.1_b0.3,JapaneseVowels,10,0.9081081081081082,1.9,13660,ok,m0.1_b0.3,,,,,,,,,,,,,,,0.1,0.3,1.3948788666725158,0.0016844580182805657,1.3953842031955719,0.0034444445185363294,9.006509070396424
cosco_proto_margin,cosco_proto_margin_m0.3_b0.05,JapaneseVowels,10,0.9081081081081082,1.9,13660,ok,m0.3_b0.05,,,,,,,,,,,,,,,0.3,0.05,1.398001343011856,0.005794804524630309,1.3982910799980164,0.008777778064832091,8.581041822433471
cosco_proto_margin,cosco_proto_margin_m0.3_b0.1,JapaneseVowels,10,0.9081081081081082,1.9,13660,ok,m0.3_b0.1,,,,,,,,,,,,,,,0.3,0.1,1.396783094406128,0.004249831689521671,1.3972080767154693,0.007333333538845181,8.834990607500076
cosco_proto_margin,cosco_proto_margin_m0.3_b0.3,JapaneseVowels,10,0.9081081081081082,1.9,13660,ok,m0.3_b0.3,,,,,,,,,,,,,,,0.3,0.3,1.3941744923591615,0.002245518770068884,1.3948481488227844,0.005444444622844458,8.99478772163391
cosco,cosco,Libras,1,0.4166666666666667,2.0,3019,ok,,,,,,,,,,,,,,,,,,,,,,
cosco_proto_margin,cosco_proto_margin_m0_b0.05,Libras,1,0.4111111111111111,2.3,3019,ok,m0_b0.05,,,,,,,,,,,,,,,0.0,0.05,1.8258080780506134,0.0,1.8258080780506134,0.0,7.331046359539032
cosco_proto_margin,cosco_proto_margin_m0_b0.1,Libras,1,0.4166666666666667,2.3,3019,ok,m0_b0.1,,,,,,,,,,,,,,,0.0,0.1,1.8258103156089782,0.0,1.8258103156089782,0.0,7.292890944480896
cosco_proto_margin,cosco_proto_margin_m0_b0.3,Libras,1,0.4166666666666667,2.4,3019,ok,m0_b0.3,,,,,,,,,,,,,,,0.0,0.3,1.8258268284797667,0.0,1.8258268284797667,0.0,7.292547326087952
cosco_proto_margin,cosco_proto_margin_m0.1_b0.05,Libras,1,0.4166666666666667,2.4,3019,ok,m0.1_b0.05,,,,,,,,,,,,,,,0.1,0.05,1.8258972334861756,0.0,1.8258972334861756,0.0,7.2458265376091004
cosco_proto_margin,cosco_proto_margin_m0.1_b0.1,Libras,1,0.42777777777777776,2.4,3019,ok,m0.1_b0.1,,,,,,,,,,,,,,,0.1,0.1,1.8258905446529388,0.0,1.8258905446529388,0.0,7.262500929832458
cosco_proto_margin,cosco_proto_margin_m0.1_b0.3,Libras,1,0.4166666666666667,2.5,3019,ok,m0.1_b0.3,,,,,,,,,,,,,,,0.1,0.3,1.8259018206596374,0.0,1.8259018206596374,0.0,7.238065609931946
cosco_proto_margin,cosco_proto_margin_m0.3_b0.05,Libras,1,0.4166666666666667,2.6,3019,ok,m0.3_b0.05,,,,,,,,,,,,,,,0.3,0.05,1.8258043384552003,0.0,1.8258043384552003,0.0,7.293586773872375
cosco_proto_margin,cosco_proto_margin_m0.3_b0.1,Libras,1,0.4222222222222222,2.3,3019,ok,m0.3_b0.1,,,,,,,,,,,,,,,0.3,0.1,1.8259102618694305,0.0,1.8259102618694305,0.0,7.227236552238464
cosco_proto_margin,cosco_proto_margin_m0.3_b0.3,Libras,1,0.4166666666666667,2.7,3019,ok,m0.3_b0.3,,,,,,,,,,,,,,,0.3,0.3,1.8259248089790345,0.0,1.8259248089790345,0.0,7.222495901584625
cosco,cosco,Libras,10,0.8666666666666667,2.8,3451,ok,,,,,,,,,,,,,,,,,,,,,,
cosco_proto_margin,cosco_proto_margin_m0_b0.05,Libras,10,0.8944444444444445,2.9,3451,ok,m0_b0.05,,,,,,,,,,,,,,,0.0,0.05,2.0383240938186646,0.13023202548269183,2.044835695028305,0.10140000189654529,3.523877509087324
cosco_proto_margin,cosco_proto_margin_m0_b0.1,Libras,10,0.8833333333333333,2.9,3451,ok,m0_b0.1,,,,,,,,,,,,,,,0.0,0.1,2.0226576387882234,0.08125483602110763,2.0307831263542173,0.07960000182501972,3.737139394283295
cosco_proto_margin,cosco_proto_margin_m0_b0.3,Libras,10,0.9,2.9,3451,ok,m0_b0.3,,,,,,,,,,,,,,,0.0,0.3,1.9994604015350341,0.03261019588775525,2.0092434656620024,0.048400000985711816,4.156984624117613
cosco_proto_margin,cosco_proto_margin_m0.1_b0.05,Libras,10,0.8833333333333333,2.9,3451,ok,m0.1_b0.05,,,,,,,,,,,,,,,0.1,0.05,2.0379611456394198,0.14723730819299818,2.045323016643524,0.11180000241845846,3.5552174285054208
cosco_proto_margin,cosco_proto_margin_m0.1_b0.1,Libras,10,0.8833333333333333,2.9,3451,ok,m0.1_b0.1,,,,,,,,,,,,,,,0.1,0.1,2.0203345346450807,0.08918994666426443,2.0292535257339477,0.08746666865423322,3.7868355864286425
cosco_proto_margin,cosco_proto_margin_m0.1_b0.3,Libras,10,0.9,2.9,3451,ok,m0.1_b0.3,,,,,,,,,,,,,,,0.1,0.3,1.9990403950214386,0.03820503855822608,2.010501905679703,0.0578000009432435,4.039346398413182
cosco_proto_margin,cosco_proto_margin_m0.3_b0.05,Libras,10,0.8888888888888888,2.8,3451,ok,m0.3_b0.05,,,,,,,,,,,,,,,0.3,0.05,2.033467844724655,0.1627010970748961,2.0416029024124147,0.12406666979193687,3.5829506769776343
cosco_proto_margin,cosco_proto_margin_m0.3_b0.1,Libras,10,0.8722222222222222,2.8,3451,ok,m0.3_b0.1,,,,,,,,,,,,,,,0.3,0.1,2.0153040635585784,0.10622838172130286,2.0259268999099733,0.1015333358105272,3.7943356114625932
cosco_proto_margin,cosco_proto_margin_m0.3_b0.3,Libras,10,0.8944444444444445,2.8,3451,ok,m0.3_b0.3,,,,,,,,,,,,,,,0.3,0.3,1.9899923980236054,0.051194419459043274,2.0053507220745086,0.06793333576060831,4.130016149431467
