dataset,shot,base_seed,cosco_proto_margin,cosco_proto_margin_geometry_rho
Heartbeat,10,10,0.7317073170731707,0.7365853658536585
Heartbeat,10,20,0.7219512195121951,0.7317073170731707
Heartbeat,10,30,0.7219512195121951,0.7219512195121951
JapaneseVowels,10,10,0.8945945945945946,0.8945945945945946
JapaneseVowels,10,20,0.9054054054054054,0.9027027027027027
JapaneseVowels,10,30,0.927027027027027,0.9216216216216216
RacketSports,10,10,0.7697368421052632,0.7894736842105263
RacketSports,10,20,0.8092105263157895,0.8289473684210527
RacketSports,10,30,0.8026315789473685,0.8223684210526315
